https://schema.org/name,https://schema.org/address,https://schema.org/telephone,https://schema.org/City
（有）アクアテック,鯖江市水落町二丁目25-4,53-0012,鯖江市
（株）内田工務店,鯖江市屋形町1-24,51-0665,鯖江市
英友設備,鯖江市丸山町１丁目３－１,090-9765-2136,鯖江市
（株）カイセイ,鯖江市丸山町一丁目6-27,51-1085,鯖江市
（株）カナダニ,鯖江市東鯖江一丁目518-1,51-7200,鯖江市
（有）小林設備,鯖江市舟津町五丁目7-14,51-7737,鯖江市
（株）斎藤金物店,鯖江市本町三丁目1-2,51-0051,鯖江市
（株）清水組,鯖江市鳥羽町22-52,52-1970,鯖江市
住機メンテナンスカワサキ,鯖江市水落町四丁目11-18,67-4261,鯖江市
田中設備,鯖江市落井町39-17-18,65-2029,鯖江市
（株）ニシザワハウジング,鯖江市上河端町41-13-5,52-7700,鯖江市
（株）フクシン,鯖江市糺町29-13-2,52-3355,鯖江市
（株）文六,鯖江市西袋町411,65-0041,鯖江市
マルイ設備工業（株）,鯖江市有定町一丁目10-3,52-3200,鯖江市
（株）丸喜建設,鯖江市下氏家町13-33,62-0088,鯖江市
今村住設,南越前町脇本5-39-1,47-3845,南越前町
（株）オクムラ機工,南越前町上平吹32-32-2,47-3697,南越前町
（株）サカエ設備,南越前町湯尾30-30,45-0150,南越前町
マエカワ設備工業,南越前町糠106-1-19,48-2753,南越前町
山光設備工業（有）,南越前町今庄11-9-1,45-7020,南越前町
ライフ企画設備（有）,南越前町東大道2-42-1,47-7000,南越前町
（株）ウッドフィール,越前町織田153-1-36,36-0081,越前町
大林設備,越前町小倉91-30-12,34-2460,越前町
（株）ＫｉＫｉ,越前町上山中6-5,62-3916,越前町
きはら商店,越前町小曽原21-4-1,32-2052,越前町
㈲小林水道工業所,越前町小倉35-12-1,34-5485,越前町
（株）大生,越前町梅浦86-32,37-0160,越前町
岬建設（株）,越前町梅浦56-62,37-0210,越前町
（株）青木設備工業,福井市江端町4-13,0776-34-1188,福井市
（株）梅井設備工業,福井市大宮6丁目5-10,0776-23-5096,福井市
VEEｍａ（株）,福井市大瀬町23-107,0776-35-5555,福井市
大脇配管工業,福井市冬野町26-6,0776-97-9914,福井市
（株）川越設備,福井市三ツ屋2丁目201,0776-43-0274,福井市
協和住機（株）,福井市御幸3丁目3-38,0776-23-3848,福井市
久保水工業（株）,福井市八ツ島町31-605,0776-27-5089,福井市
（有）クロダ設備,福井市三尾野町10-3,0776-39-0033,福井市
合同設備工業（株）,福井市高木1丁目607,0776-53-0777,福井市
興南設備,福井市花堂北2丁目19-26,0776-43-0277,福井市
斉藤設備機工（株）,福井市順化1丁目14-16,0776-22-3800,福井市
（株）サカイエステック,福井市成和2丁目1009-2,0776-30-0255,福井市
サンエイ工業（株）,福井市光陽1丁目15-9,0776-24-5843,福井市
（株）シモナカ,福井市下市町15-20,0776-37-1688,福井市
（株）綜合設備工業所,福井市三郎丸1丁目210,0776-21-1771,福井市
第一設備工業（株）,福井市角折町15-20-1,0776-34-0338,福井市
貴水管工（株）,福井市西学園3丁目413,0776-35-8005,福井市
塚田設備,福井市太田町47-16-1,0776-38-0465,福井市
道傳設備（株）,福井市春日3丁目305-1,0776-36-5609,福井市
（株）冨坂工業,福井市上中町27-16-4,0776-53-4029,福井市
（株）福井建材社,福井市問屋町2丁目34,0776-24-1150,福井市
（株）藤田設備,福井市南山町8-10,0776-65-3336,福井市
北陸設備工業（株）,福井市宝永4丁目6-3,0776-24-1700,福井市
（株）増田商会,福井市足羽1丁目3-6,0776-36-3456,福井市
三谷設備（株）,福井市豊島1丁目3-1,0776-20-3440,福井市
道岸設備,福井市大東1丁目6-46,0776-54-8863,福井市
明電設備（株）,福井市灯明寺2丁目703,0776-21-0025,福井市
元結管工（株）,福井市大畑町20-8,0776-54-7255,福井市
（株）　森下設備工業,福井市今市町13-8-4,0776-38-1171,福井市
（株）文珠四郎管工商会,福井市松本1丁目56-10,0776-21-0292,福井市
山岡設備,福井市冬野町5-7,0776-38-3064,福井市
山本設備工業（株）,福井市和田1丁目5-12,0776-24-2351,福井市
吉村設備工業（株）,福井市四ツ井1丁目6-14,0776-54-6400,福井市
（有）ライフ産業,福井市八幡町３２－６４,0776-83-0580,福井市
愛光設備,坂井市丸岡町下安田22-2,0776-67-2922,坂井市
（株）小林水道,坂井市春江町西太郎丸16-31-3,0776-76-3875,坂井市
（有）小向設備工業,坂井市坂井町上兵庫61-34,0776-72-1510,坂井市
（有）砂村設備,坂井市丸岡町城北五丁目48,0776-66-5809,坂井市
竹内設備工業,坂井市春江町江留下宇和江18,0776-51-1274,坂井市
（有）前川設備,坂井市丸岡町四ツ屋6-16-1,0776-66-6150,坂井市
渡辺設備（株）,坂井市春江町江留上中央3-2,0776-51-0550,坂井市
山二工業（株）,大野市春日161-12-1,0779-65-5231,大野市
（有）豊島設備,永平寺町松岡室18-11,0776-61-1506,永平寺町
清田住設,永平寺町松岡平成156,0776-61-2085,永平寺町
（株）シマキ工業,勝山市長山町2-6-4,0779-88-0111,勝山市